seed,total_patients,overall_average_service_time,overall_average_waiting_time,overall_average_system_time,doctor_mean_service_time,doctor_utilization,nurse_time,ctas1_patient_count,ctas1_mean_waiting,ctas1_mean_service,ctas1_mean_whole,ctas1_mean_nurse,ctas1_mean_bed,ctas2_patient_count,ctas2_mean_waiting,ctas2_mean_service,ctas2_mean_whole,ctas2_mean_nurse,ctas2_mean_bed,ctas3_patient_count,ctas3_mean_waiting,ctas3_mean_service,ctas3_mean_whole,ctas3_mean_nurse,ctas3_mean_bed,ctas4_patient_count,ctas4_mean_waiting,ctas4_mean_service,ctas4_mean_whole,ctas4_mean_nurse,ctas4_mean_bed,ctas5_patient_count,ctas5_mean_waiting,ctas5_mean_service,ctas5_mean_whole,ctas5_mean_nurse,ctas5_mean_bed
1,608,23.338996683815427,24.52394102873765,94.38260229019261,2853.62947743236,0.28309816244368646,23.795386549151132,6,3.117786823685492,22.451830317041484,74.4763106762939,3.0889731892903103,48.90669353556709,82,8.677113258318725,30.820309644007505,133.1549435071784,8.19213675693617,93.65752060485212,356,22.118997345206232,25.26518688465037,99.3092654116147,21.37522721718865,51.92508118175805,150,39.6171055110077,15.93987185926916,67.70067285458208,38.7676825248448,12.143695484305187,14,25.956946843119244,10.196164373072099,36.41853900489774,25.183764330964184,0.26542778870664024
2,713,26.285502161305867,24.99682568137032,103.38390985310772,3776.3837306538117,0.37464124312041786,22.488599358084443,6,2.93382035359294,124.61599075661896,176.00536208120835,2.840925521925728,48.45555097099682,112,8.392335167864871,43.61192149636239,123.47682451471306,7.530834587321828,71.47256785048596,389,22.30763182029074,25.9698654227329,119.39069462590628,19.750941093269233,71.11319738288265,182,39.76870313589929,14.85446998195021,60.93788603159386,36.80687242970565,6.314712913744498,24,39.56747921116031,12.647529280030943,53.900655829294614,32.9960603297687,1.685647338103491
3,676,25.159124742230706,25.898031505236666,99.91104260839916,3424.0637506586027,0.3396888641526391,23.11066631216052,7,2.1591666035734045,100.52122716547402,138.40244188380788,2.1585335606839693,35.72204811476052,98,7.635132689465647,40.912753728609545,143.080321688324,6.536355798264492,94.53243527024874,392,24.764455764214,25.181362171493006,106.67979298729419,21.02445742059523,56.733975051587215,168,39.54719264802433,13.806418602535288,60.92073009865484,37.71357596835623,7.567118848095175,11,35.647009391578564,9.445233975883454,45.092243367462125,35.424522937148055,0.0
4,725,25.556287674154145,25.67697534341629,95.36232717586597,3736.6951378670083,0.3707038827249017,23.923957258776674,9,4.6686506597933555,96.21997429665959,146.98988232026144,4.668650659793759,46.10125736380781,115,8.430717095724274,37.30695133522085,116.84748070404696,7.611243354335305,71.10981227310174,406,21.009147852949905,26.691172329303694,100.75757875493132,19.03978277552332,53.05725857267762,187,46.96802097814482,13.238531966197339,70.15192624154065,44.981282664933666,9.945373297198582,8,36.44035635245473,7.475993520652294,43.91634987310704,35.73831321516553,0.0
5,704,24.11193725728423,26.053079038888526,97.96242695384193,3400.191808184135,0.3373206158912833,24.54222190226005,5,2.368608733181463,123.98711482881463,170.65415941466526,2.3062216165889113,44.29843585266966,100,7.728118146415218,33.329069385288065,110.95135826271728,6.861340897119437,69.89417073101399,390,21.409369084207878,26.386476681035692,111.4791941480198,20.05962710824823,63.68334838277625,193,44.7840851832425,13.552681897417857,66.61185199338925,42.60156352593257,8.275084912728959,16,35.23315011645104,7.222987790603329,42.76054998173754,33.41891804214942,0.30441207468304565
6,687,25.845381390946148,23.31650621773592,93.10373449398844,3556.889628751627,0.3528660345983757,21.011940390457013,5,1.6892364653871481,97.78805026009942,152.05103457870027,1.541894769948495,52.57374785321364,117,8.526235396525866,39.56462585588412,117.78036229968598,7.734587301857829,69.68950104727597,382,22.315263197502123,26.31993317037532,102.63699551833818,20.434539261514786,54.00179915046079,170,35.21781820390879,14.53887083393812,56.296203637603696,30.70854500819741,6.539514599756778,13,38.53572398106231,8.611771252939233,49.540086847344774,38.16155467574243,2.3925916133428666
7,744,24.140341519644586,23.948205717823644,93.49561735518812,3601.0755093144385,0.35724955449548,22.51290323368455,5,3.3024509651600966,45.388294903075995,91.069222768056,3.2378705423738916,42.37847689982017,130,7.960230079144863,34.750756748099676,105.1823979731292,7.194540623360407,62.471411145884666,423,21.112919386942618,25.142455075355276,102.26540275164497,19.619070133225367,56.01002828934711,173,42.74680485879382,14.283254835358022,67.16400306509092,41.120151660633454,10.133943370939116,13,33.858519053699915,8.431742727308617,42.618735977409905,29.65134372835918,0.32847419640115033
8,646,24.057764818295098,23.943925008181196,90.93362921601066,3118.9156739037057,0.309416237490447,23.15686231678302,7,3.04920938446464,36.14930362516673,117.98803966663945,2.9980767812796048,78.78952665700795,122,7.164084172637886,32.91808811405622,110.145199672033,6.388802998874928,70.06302738533881,321,20.490867030364917,26.487043290186868,100.63537946768116,19.814065692683236,53.65746914712945,183,40.91551593441705,14.533628630866565,63.15826599588618,39.91133803036526,7.709121430602333,13,39.02346829127069,8.482250902233867,47.50571919350463,38.06327741553616,0.0
9,701,26.053686962801358,27.490178803052324,108.1525241062651,3699.9214903287975,0.36705570340563465,22.178435544548726,13,2.475380907045362,101.99466443045783,150.913397943336,2.452829526924751,46.44335260583325,121,7.638433856515209,37.970266033058174,124.9422056150179,6.253219720329412,79.33350572544457,374,25.140503960052147,25.382675266669466,119.08713215531724,19.989653415081182,68.56395292859563,175,46.322242159815204,15.312206135984923,75.11878024905597,38.62567652780722,13.484331953255891,18,44.735779637921446,9.47472832200102,58.37024311877071,29.051843172897286,4.159735158848223
10,728,25.125926897780804,24.228765206345532,100.20911666393143,3665.9840273332898,0.36368889160052476,22.85635397810793,5,2.8030915295101293,28.43477233243529,91.79591479729788,2.7435971362344698,60.558050935351744,126,7.839007197429315,36.899364677392015,134.07022966174443,6.880831884735589,89.33185778692311,396,21.0515261249531,26.85236009577672,108.10585636021665,19.789861157497914,60.20197013948681,192,41.915237614753615,14.566517405112053,64.93715381399194,39.98825207389324,8.455398794126275,9,28.075637575753515,7.76389231797333,35.83952989372665,27.13260848311524,0.0
11,720,25.55731886143368,25.57927221364974,95.29759700175224,3684.2957162778994,0.36550552740852166,23.727225557766626,4,3.3327976562000003,17.5895566727167,28.242967208316713,3.225275961017588,7.320612879400176,125,6.930694829356653,40.40213772072687,117.52091165423595,6.409098016317214,70.18807910415232,405,23.41606043465809,25.58243593776838,102.45687253039947,21.490428846527468,53.45837615797296,173,43.92428226591266,15.99394364609128,67.54445639362436,41.12244542004967,7.626230481620428,13,35.00020319184729,11.754256375425882,48.5353603646209,34.75056193815621,1.7809007973478286
12,594,25.453785428394486,24.37816802186167,102.07110098262285,3033.192731970692,0.3009119773780448,23.717807525858085,6,3.1719049998127957,104.61208363028186,136.4229735029006,3.0885557398463646,28.638984872806475,106,7.74281698971663,35.35166594909312,120.56178001250902,7.088346905490308,77.46729707369931,329,22.833586432754373,25.749632248089913,111.96904086838133,22.25381550778406,63.385822187537066,136,41.54916797700963,15.225769591376464,69.79875716556651,40.66818085334318,13.023819597180365,17,28.113234872205474,11.897986943057795,41.276590654124234,27.417862695472028,1.2653688388612345
13,670,24.746067309998,24.412397021957336,105.7880293116913,3354.775428228478,0.33281502264171414,22.89170963551107,9,2.589027445663305,86.8405451107585,166.68062010393766,2.589027445663268,77.25104754751564,109,7.583679456873509,35.349765653651616,126.5685194287651,6.998275555330481,83.63507431823989,372,21.251757218518044,24.981779373935634,117.35355481163805,19.430618143391857,71.12001821918435,167,43.027149500364764,15.186537162871595,67.54108492605971,41.96028138170129,9.327398262823321,13,31.938157311661808,8.907854011553583,49.76937442930886,24.290402551118284,8.923363106093573
14,706,25.36586750900436,26.199473085468895,106.79734311785296,3616.3368338639657,0.35876357478809184,24.41449606288308,9,4.4527501442605875,94.44761945372322,146.9439753095695,4.4527501442607145,48.043605711586125,104,7.985628735369871,39.656291260620876,143.11467658865615,6.773432132742986,95.47275659266538,373,20.699196535191486,26.198433244018332,118.10528024985454,18.67741152378898,71.20765047064475,203,44.42763922476601,14.648182252365519,68.75503991905354,42.6658788958144,9.679218441921972,17,52.15510519472382,11.083705759997516,69.52702714318923,50.8396831216602,6.288216188467829
15,696,25.5344307355791,24.39003506408908,102.96387292463523,3565.7766890129474,0.35374768740207807,23.2115479543992,5,2.7274728591772144,36.737277925792725,79.41283423572095,2.659298368367227,39.948083450751156,100,6.599932482410477,40.456064273852206,111.01000628058794,6.151439319494134,63.95400952432533,406,22.261523049608456,26.812416067640473,120.47346935008255,21.105057643295023,71.39953023283363,168,40.771163088324364,14.779051547422378,63.47924269979636,38.980776383057844,7.929028064049573,17,24.358825593502416,10.23231714822811,34.59114274173044,24.08077158465275,0.0
16,700,24.470335595741187,26.02980635043515,103.93508058816373,3469.781879941537,0.344224392851343,24.893018748720372,5,3.37798835227004,50.96846723264338,139.26991200557896,3.377988352270152,84.92345642066516,120,8.551377189858142,31.155566466640373,117.57880065281756,7.555230323714808,77.87185699631907,395,24.70827321675638,27.059726942391062,118.50323288641916,23.378097234238194,66.73523272727181,168,41.70205420065364,13.976057911932406,63.120390389994675,40.8452498679562,7.4422782774085245,12,34.34135120264121,8.262894450804838,44.64568314116226,33.770429846366916,2.04143748771598
17,647,25.008431472166855,24.396880922782028,94.56283879572744,3246.1070837630723,0.32203443291300327,23.17070108632304,6,3.5224428090256574,65.14280121995203,121.00943065459494,3.522442809025486,52.34418662561743,104,8.55608643593996,39.039155849967955,119.53506051099133,7.7980765661660545,71.93981822508341,374,22.02062148030865,25.13147566479687,100.99440420213111,20.66285134164167,53.8423070570256,151,41.82736091105388,14.41216019282034,64.74343187747543,40.48946034569175,8.503910773601154,12,26.84753163695753,12.84317158547296,39.69070322243033,26.457839095178702,0.0
18,649,24.56200741517856,23.856967796020545,107.01325917186884,3207.803523354958,0.31823447652330933,21.612862320388,5,2.9509528946116914,73.69386857288319,129.83375085851148,2.950952894611448,53.18892939101606,108,7.5495688097294416,37.917270617975674,130.19494361716707,6.267448174328418,84.72810418946193,358,21.16420696755714,24.89564647095978,121.78649444105187,18.557699622191723,75.72664100253495,168,38.96501233836055,14.395746285184435,62.29512119586742,37.161842043489706,8.934362572322518,10,53.01557364634664,14.608143033050784,67.62371667939769,44.82625505803783,0.0
19,631,24.4087465947143,23.310323683955914,100.57446882362696,3110.384475570632,0.3085698884494674,21.887949810982015,7,6.280563904285373,76.611522455393,155.401228071984,6.27504277281722,72.50914171230654,96,9.026136377851307,36.36482374514813,143.33515507958126,8.01606148508583,97.94419495658195,373,19.22254156936658,24.710114701678126,103.67962262613162,17.82020613863071,59.74696635508685,145,42.86909754554472,14.251632373686142,65.09267008200533,40.97335362962735,7.97194016277451,10,41.23140554947404,9.125588663232168,50.3569942127062,40.97559627464724,0.0
20,679,28.380230641772368,27.502861022937356,104.67765268779236,3859.353517060623,0.3828723727242681,24.562816845797897,5,6.550370139626466,111.08171618296555,145.55091111787624,6.493999321807417,27.91882479528494,114,8.053556043143097,46.950394481312344,130.60362529714862,6.626170182318217,75.59967477269319,381,23.567058338781923,28.40260793893495,110.77003497012917,20.092641617321195,58.80036869241226,162,48.45460600348264,14.804018463342809,74.8466928280685,45.507897468429356,11.588068361243124,17,52.640587959877685,8.39873165783848,66.53004551649246,50.74843498932496,5.49072589877634
21,673,25.86023051627697,24.3805572446043,98.18467773089634,3496.4310853100264,0.3468681632252011,22.464222650994433,6,2.6059038112274115,25.766163063200835,107.97074181473393,2.60590381122735,79.59867494030557,105,6.8450501974840465,42.25798902711746,134.2870188106942,6.272914136821669,85.18397958609282,369,22.035278201001134,26.997283959060592,106.9963796338579,20.156729049351696,57.963817473796176,179,39.00341566242052,15.040969870419216,62.15360108710423,36.48280104935026,8.109215554264546,14,40.08001944805814,11.279851680675936,51.65485767119532,33.99114498865292,0.29498654246127487
22,731,25.482784518769968,27.730049078710216,104.07165447368,3748.058491348421,0.37183119953853383,25.917395623781754,10,2.292296659548447,109.6412151106684,165.6080225691998,2.234858180083918,53.674510798982965,110,8.899782946420832,38.623864204673296,129.8001724176255,7.8723335245607,82.27652526653155,395,23.79965017803911,26.007523386782985,115.21686786869685,21.70426065338825,65.40969430387469,205,46.077735798163985,14.055169450221493,68.50226372488426,44.54316554915982,8.369358476498885,11,38.36082971693891,11.690617684128801,53.51394153570568,32.070821437802344,3.462494134637342
23,749,25.03205052817194,23.174977743669672,99.58158810501357,3769.1011880220212,0.3739187686529783,21.915742762029936,8,3.5290427992342757,61.299889132713275,126.84910952469681,3.5290427992338813,62.020177592749576,123,6.739130501275834,38.95900047620745,129.59978674325188,6.256728822537898,83.90165576576854,419,20.206288306379854,24.35457975040339,107.51053232979247,18.838467069030585,62.949664273009176,188,41.61977220984395,16.503109594135584,64.35169573546301,40.008377738660144,6.228813931483488,11,19.087360012178166,14.49965044082296,44.18281823522772,18.380784036587798,10.595807782226599
24,725,25.411479276443476,21.222470971078547,96.41382019646967,3701.7960167522624,0.3672416683285974,20.045875716493214,4,4.253294422059753,33.062273048399405,206.88475150772956,4.253294422059826,169.56918403727047,125,7.669641152641271,37.81090709538478,123.69215223338384,6.825418496856915,78.21160398535781,400,18.989272649012264,26.362794076444917,102.70460297307609,17.700119051691832,57.35253624761889,184,35.720202548270315,15.698299112542529,66.06341459353385,34.65140190631849,14.64491293272102,12,20.195566981408774,10.925444084919535,31.121011066328265,17.263652768574108,0.0
25,685,27.21580273106766,23.997651027740353,110.88848646353823,3761.527148719938,0.3731673758650732,22.048267183279084,11,4.282920419288447,78.84462733985889,142.6864618888644,4.27949829141746,59.55891412971675,118,7.7778498763535,39.20739426010129,125.84490558678995,7.018247279662303,78.8596614503352,363,22.03744308728799,28.448092312205045,130.8668736385554,19.650796507611823,80.38133823906237,174,38.91367951440535,15.331322332598475,64.05971178168876,36.84751456649123,9.814709934684949,19,36.99581409411487,8.144939586756877,46.75254245765877,35.95414176357165,1.61178877678652
26,782,25.983498384318736,23.36213161290235,101.56841290172757,4096.251142936772,0.40637412132309236,21.343849561134757,8,4.634038345712042,58.98933707020068,129.17675242031896,4.63155334548576,65.55337700440631,133,6.48413972722513,41.436300722483075,125.82811460010578,5.503184709207207,77.90767415039763,427,21.979447391725323,26.779439336047208,113.89912499430432,19.690276501041378,65.14023826653184,198,37.697445295131665,13.79554801463137,61.52763223562878,35.34798826004123,10.034638925865629,16,32.525364131263586,10.61337128101449,52.53425454699391,32.20403889288145,9.395519134715546
27,767,23.874222820957538,24.463610157986718,96.5214459543365,3693.6911673598456,0.36643761580950845,23.02349751425022,8,3.685010364358277,81.27543542106153,158.53489130662842,3.5699103046761875,73.57444552120796,133,8.621402874174237,31.18126647627314,100.06703449398974,7.504208676636555,60.26436514354231,418,20.490600209946077,25.686718884942223,111.87794860782353,19.177944282525246,65.70062951293518,196,43.0002770990773,13.583458069113384,61.12563255318112,41.02060499354381,4.541897384990365,12,49.528093901597,9.567558625794968,59.095652527392,47.99868901414221,0.0
28,731,26.818103172746007,24.06516170863184,111.61037089520137,3949.5939200032417,0.3918247936511152,21.97044714688068,13,3.5967990698101437,84.72947030462447,179.93379898107813,3.5817258791857975,91.60752960664334,126,8.791237352371123,42.19818760581805,129.87754427331618,7.6589070460859485,78.88811931512711,415,22.14680489146274,25.112994184443426,124.14678874645945,19.918554827443735,76.88698967055335,168,40.73318340763407,15.997470555594626,64.78192101223473,38.28934090114245,8.05126704900601,9,44.78667469600239,8.456780788913361,53.2434554849153,38.88917948360583,0.0
29,693,26.26215358727283,23.62873550939552,93.3423916042951,3655.0343548509218,0.3626026145685438,21.432550195870476,13,2.854815335267491,77.7414743621776,129.87753488304685,2.8182949547709146,49.28124518560178,133,7.784635748613221,34.468538961561606,104.20410811675197,7.0440434753219385,61.95093340657706,376,22.45016583978559,26.75279533170931,103.7513886488477,20.145188466693167,54.54842747735278,155,39.09524042377084,15.06507116604917,58.815486917646524,35.92771717828105,4.65517532782663,16,50.07624579019978,13.161281995234226,63.237527785434054,45.99216518738787,0.0
30,692,23.850053159066366,23.300899116239304,95.66425244066222,3327.747514659958,0.33013368200991644,22.121570874707817,7,1.7709593619329098,84.69708113509407,115.12207443178679,1.7219341759201807,28.654033934760438,111,7.380346151607129,33.29527222098404,106.75844090001239,6.610327323915648,66.08282252742131,385,21.12771740581765,24.655421085582173,110.18475328768447,20.058872463331614,64.40161479628463,171,37.896072189877856,14.634679965781634,59.420888287422564,36.078035426174324,6.890136131763024,18,37.678194687042684,12.26192275006906,53.41773972814493,37.23984538073626,3.477622291033495
31,639,25.893913849778194,27.065768947703422,107.32885923921214,3310.6244231728124,0.32843496261635047,24.46396380697463,1,0.08482703274785308,62.17904073739398,196.79638006275854,0.08482703274731737,134.53251229261443,101,7.735810738323587,43.00965214085586,127.24490063957455,6.846411648625382,76.49943776039512,369,22.676795776650902,26.43452294865149,116.97159586590017,20.320359801358613,67.86027714059782,155,48.654966891686435,14.209328544960599,74.58460737005264,44.148503241124295,11.720311933405647,13,46.489779706421146,14.097857732549155,62.42128402472623,46.12843846440646,1.8336465857561552
32,626,27.110491174063316,23.57153069266041,106.82970762000961,3403.8914543152105,0.3376876442773026,22.31361339003012,4,3.7259122671680416,130.0806503980271,163.1470151860899,3.6521996050172785,29.34045252089412,109,7.759372107299621,42.369997044894944,123.54153317437542,6.9632070618000315,73.41216402218086,347,20.70397022225948,27.183071080012464,122.89696186958014,19.565686936378842,75.00992056730819,154,40.90961272873624,15.096172825791784,62.503974880500365,39.47924508866896,6.49818932597229,12,34.22874812430533,6.264909628476665,40.493657752782234,27.135541952008683,0.0
33,706,26.404430330463686,26.15361372378292,106.13703931384718,3811.7107208687776,0.37814590484809296,24.034221802513585,18,4.625387300433835,51.622471428570094,102.6443493297713,4.599499036021734,46.39649060076758,90,8.681108108603015,49.04167327091729,142.92155743240951,6.887797020716866,85.19877605288931,399,23.08879321318099,26.232206336634537,118.71085379256057,20.77136056259248,69.389854242745,183,42.905180372036504,14.556334668142396,66.29576497161035,40.730718909720856,8.834249931431504,16,33.4886304791728,10.507072538956603,45.27847785543793,32.748340819272585,1.2827748373084982
34,696,26.5188464040981,24.950391803846877,98.8398228583315,3701.436907520696,0.36720604241276755,22.073689588990828,6,6.395598058340511,108.24125297887842,157.24454616483186,6.353763885831763,42.607695127613674,129,7.657932674186344,42.05879245665509,138.50186280677227,6.600547867293554,88.78513767593087,378,24.3978108196354,26.31237847484354,105.06624103642594,20.76177206679009,54.35605174194699,166,39.50010992002622,13.589452378705932,57.26446245761043,36.591089409472715,4.1749001588783,17,32.931473859459565,10.597482006732758,44.786426506104526,32.44847132486063,1.2574706399120066
35,741,24.375950576415995,25.471089462597856,101.87355807435854,3650.7392645399077,0.36217651433927656,24.332366615205522,9,4.776949160511019,89.76881866582076,140.6735819951684,4.748602564121114,46.12781416883664,126,7.720244208645887,35.998589632412724,133.58256734543997,6.9854706883524464,89.86373350438124,393,23.430917616493083,23.741311382675125,111.7322736923411,21.997962241893916,64.56004469317283,196,41.46519084532822,16.489699029736475,65.27859385215159,40.568238810651636,7.323703977086875,17,30.75329118146585,9.207137189893686,40.32075608858598,30.047233182691944,0.36032771722660867
36,714,25.7851319954875,23.291730694246002,103.04634476605861,3684.193624801138,0.36549539928582714,22.37548815945249,4,2.1556431537997014,112.67241665466717,155.82577343362982,2.1524126522812255,40.99771362516291,125,8.502795780948654,36.12003827320366,121.20204330221108,7.835975064857863,76.57920924805893,417,20.71922424499602,27.0816845625632,114.5067778260211,19.734243823212452,66.70586901846183,152,41.86731745477879,13.013370983620229,61.33773324951433,41.01567968035389,6.457044811115144,16,34.692181698009335,10.862183869363626,45.554365567372884,32.776814152458634,0.0
37,694,25.71350657705441,25.248695746366668,102.67641637897604,3584.1021203874125,0.3555656865463702,23.953565108208974,7,2.9336780581618638,133.17152974751187,187.8759169876643,2.875424835135003,51.770709181990426,110,7.439807315853812,35.174627670920884,125.04593436392355,6.676216686356511,82.43149937714882,385,22.05936954869497,26.404101737795273,114.7746603424292,20.71703021048128,66.31118905593908,175,43.215640358208006,15.401477931657157,63.931386131341384,41.694927580655666,5.314267841476302,17,36.946232817261794,10.760353255923617,47.706586073185356,35.09373047657829,0.0
38,619,24.635584725938646,22.99805822314915,98.35853547507479,3059.6676195796367,0.3035384543233766,22.157577215193037,8,3.875760050330655,83.37705677239289,150.78782388272725,3.822470964229271,63.53500706000467,114,9.672061895585006,32.60977508703163,116.00685947548966,9.090026421488474,73.72502249287288,336,21.54422825002991,24.475946344158416,110.27936161417895,20.57322727610636,64.2591870199906,145,36.45152327211631,16.813538438097503,59.43533077367278,35.60893180391108,6.170269063458852,16,36.115333572692066,12.688442880869303,48.803776453560886,35.79987750638318,0.0
39,693,26.523355886823364,24.283007053495524,115.29451450967719,3694.7104664803637,0.3665387367540043,22.721538679000794,7,3.6254302468132664,56.202158365580104,99.44474097356111,3.541370122015126,39.617152361168,99,8.227295443729426,49.743396662073174,160.34340450502975,7.607677324877319,102.37271239922711,393,20.90000777599074,26.06504193159824,130.71964414145802,18.97806177257869,83.75459443386903,176,40.49460588409135,15.044952126847683,62.650383428119284,39.493662032152876,7.110825417180205,18,35.971663102836324,9.511177667832484,51.650038413968105,31.04521468045879,6.167197643299402
40,700,26.75098779689862,23.681483741791197,97.54574600611194,3778.7887526631107,0.37487983657372126,22.53574253956944,9,2.877909598948867,108.4131898504524,148.94302613513557,2.877909598948852,37.65192668573431,113,7.574306065033135,39.286093466192646,139.83555848834865,6.697274970193815,92.97515895712293,398,21.313479550020272,26.215682657736625,99.91428873279489,20.07993105263721,52.38512652503795,166,40.8467475825353,16.400878771489005,64.78844568597424,39.595257070711625,7.5408193319499075,14,30.85113485040191,11.018329546345857,44.239140025332354,30.550091927744802,2.3696756285840026
41,752,26.56285388019359,25.479333765025327,100.87460565778152,4029.59679517505,0.3997615868229215,23.540546907259447,6,2.544452820763278,23.2224565482046,52.29088567683599,2.488968585055431,26.52397630786791,117,7.828423065354874,41.04386119272156,116.68064711564638,7.217973413296117,67.80836285756996,432,21.898489411553456,27.98265491542949,113.2626103727144,20.131655130885115,63.381466045731536,181,45.756098374926346,15.250731633920054,67.29506661289865,42.359851278456,6.288236604052195,16,30.45409650469901,11.55689186642872,48.90423063204889,29.940404715638714,6.893242260920914
42,732,25.071588798485394,26.15044966891589,103.71435419991275,3680.063725272109,0.36508568703096317,24.2891118261957,3,2.500477014735831,162.2100600153734,215.4132334408799,2.450662806218547,50.70269641077115,106,7.069103620494011,35.361473891258875,111.64872832897122,6.56939068003191,69.21815081721827,430,22.44885184112627,26.440441965480534,115.8394244551302,20.849638623289096,66.95013064852334,187,46.03415322638146,14.394376647797852,71.9076039997188,42.72845560130773,11.47907412553948,6,20.65163296870499,9.386351612819263,30.037984581524444,20.05944180239285,0.0
43,726,26.47288118403521,25.955749080277513,104.84153487677423,3893.6360257730544,0.38627341525526326,22.317687129082618,12,2.6595259303259504,125.27434238030041,185.12252721345416,2.6595259303259517,57.188658902827626,125,8.652848758116598,38.16778644847512,132.74602752890456,6.6813165450262275,85.92539232231293,402,23.452812423721298,25.94884843177039,112.54368827618205,20.271368907657852,63.142027420690354,175,44.175843166840934,13.810627690399542,65.08210387670607,37.81970563325086,7.0956330194655015,12,47.629189818322175,8.062450799579283,55.69164061790146,47.33526581036949,0.0
44,739,26.467997689188337,24.951594656573278,101.46540384856733,3929.8663098018287,0.3898676894644672,22.496342865608725,5,1.7942287677622517,60.467759015194794,131.00368788856395,1.794228767762436,68.74170010560758,126,7.9248148107008385,42.93661727330068,130.52554548672606,7.450688274983018,79.66411340272442,391,23.000911040117984,26.420791709139948,115.10642082389589,20.657933768835626,65.68471807463797,201,38.11090472439176,16.65610345746535,58.80966631765306,34.65565827273249,4.042658135795969,16,48.630160933228694,10.56821047337906,65.89642508308657,39.62500592276344,6.69805367647896
45,715,26.16256550106868,24.59932571885963,107.67055337826007,3755.9849035868306,0.372617549959011,23.34394145690532,3,1.2962502308097708,121.23692413636745,148.23628977443332,1.2962502308105497,25.703115407256494,106,7.557088558545969,39.18760172627448,139.570892665839,6.655950800796814,92.82620238101852,415,20.48965895070744,26.685436529886,118.88636044940117,19.250949721703915,71.71126496880773,178,44.20736660565655,16.77722848986694,66.47363013563515,42.66557071229294,5.489035040111528,13,31.650617748913646,9.83345744391568,44.23664791609064,30.606375755010752,2.7525727232620008
46,706,23.511918283086306,25.99827252872052,96.70928900343104,3347.377779385538,0.33208112890729535,24.940806319789992,5,1.3166909578925696,50.16116418228936,80.57429266977233,1.3166909578929806,29.096437529590684,103,8.01352705714732,34.107280034486166,104.48776060688361,7.491863585806149,62.366953515250216,400,21.676108271989815,25.204065543030435,110.66333305247373,20.56567955162287,63.78315923745352,186,45.84523604532755,14.121561153909674,66.6335779980898,44.52746614077623,6.666780798852583,12,27.095537531183556,10.610170963003478,37.70570849418694,26.79861123422593,0.0
47,725,26.236955596056866,23.64321274883754,106.95448826313742,3846.5950730510413,0.3816066540725239,22.195670022985105,9,2.3198105466130476,61.297364280191154,83.39665423920451,2.288416355785925,19.779479412399994,147,8.033609585679862,38.262444349586794,140.40335353680766,7.602940356032699,94.10729960154103,387,21.53628395462123,26.369538492638462,114.03156975749786,19.5837080742845,66.12574731023815,164,44.477557281323854,15.009769474548772,69.72836776283243,43.10542396211075,10.24104100695988,18,17.258280795401838,9.940201041842478,32.58174019193737,16.969346255058824,5.383258354692695
48,663,23.839795253566248,24.75484720566738,98.29638419549224,3182.21916678762,0.3156963459114702,23.869229331964153,5,3.5812290783545904,53.563140573502324,75.1526251199477,3.548682954359355,18.008255468091118,106,7.317914237739078,31.491151156988856,114.15585557049538,6.742039683524352,75.34679017576751,367,20.59386858309994,25.58898538956846,109.26475498350348,19.543196374803806,63.08190101083509,171,44.62111869446594,15.461427569180051,69.12605651086506,43.82368753863723,9.043510247219153,14,30.76411257242905,11.774626807476933,55.24986880252878,30.47827051477782,12.711129422622877
49,788,25.808742988715185,25.993633121710786,95.64788974364305,4095.831942882527,0.4063325340161237,24.403969103036317,6,3.921081757052889,70.90834870168246,118.54781316139572,3.881456194297629,43.71838270266022,119,7.556403447045349,41.9198051739093,130.97041822181313,6.8851729335553715,81.49420960085851,435,22.286333950647062,26.763723351320557,103.42324057393577,20.848150929518603,54.3731832719681,218,43.80136411122125,14.79608196822826,62.82384964956704,41.30992753548465,4.2264035701175295,10,31.699175438968087,5.561704030406056,38.90615973589138,31.31934798574929,1.6452802665173756
50,637,23.1284561162776,25.659065051435405,92.46778679396175,2951.985252223505,0.29285567978407784,24.84677107066153,3,4.2999809272738885,52.21435811150087,98.15364555153549,4.07770461406395,41.639306512761685,98,6.773872673975756,33.70463584152584,107.41365975508259,6.4380585863421205,66.93515123958102,367,24.150816898142164,25.047191137534284,102.871937730998,23.34750025260605,53.673929695321526,154,41.59153017653042,12.530622387517441,63.482115321971456,40.38458677027671,9.359962757923618,15,26.642634941936556,10.07294427413521,36.71557921607164,26.431424091909307,0.0
51,699,25.70868944489952,26.032626074666833,104.50631706852923,3609.753338461958,0.35811045024424193,24.543755280120486,6,3.2928320822014334,51.4679102017627,84.84808428367099,3.292832082201082,30.087341999707125,100,7.454571714475642,38.9766056881808,142.61920274337373,6.804109056277015,96.18802534071723,397,22.79140951272171,26.653479847862627,113.93848105662428,21.494819305240245,64.49359169603987,185,43.52485979060377,16.658655018767455,68.18056125978863,41.19953018348512,7.997046450417322,11,30.11843858537511,9.147564898423811,39.266003483798904,27.323699505289838,0.0
52,651,24.02300290307393,22.836295300098136,97.00636122315852,3145.963637743691,0.31209956723647725,22.12626461192965,5,3.888188601847651,74.94547806863895,120.77376442756213,3.7611542978277273,41.940097757075456,103,6.897283844745686,33.07973465257557,110.25833465138436,6.624773140803008,70.28131615406309,393,20.498265148063556,24.898437677724218,107.60162631601645,19.666787279157806,62.204923490228715,141,40.923074052171735,13.8046051989793,59.484927804842,40.34706887223094,4.757248553690914,9,34.5106018667389,13.944387771216794,57.31665581873353,31.67297174230817,8.861666180777807
53,714,26.5073422644517,23.86458291372463,100.81645184704932,3837.7631701632636,0.3807304732304825,21.763365204981852,14,2.534880159822673,61.00177942274871,101.55801553907752,2.52824554825089,38.02135595650617,111,8.217600327273422,41.77832198398158,140.48376913373116,7.363898722672152,90.48784682247609,406,23.009299601133137,26.5840004269904,108.43134444938401,20.470305893828083,58.83804442126048,169,37.80009638496249,14.676485224857736,61.332579853927854,36.04083342491411,8.855998244107614,14,25.834165336843267,11.528110594215544,41.364584688446485,20.314965625730913,4.0023087573879055
54,734,25.541408521524364,25.340190872182045,100.61380939130437,3770.4693955861867,0.3740545035303757,23.432208210395373,4,1.634720372598622,33.34718193579185,80.10789540622955,1.6347203725984802,45.1259930978387,117,8.55277054424824,40.93529174929631,135.9281964573814,7.0143805256232445,86.44013416383675,431,22.66770665760608,25.659925171451867,105.5186638356124,20.64323961005382,57.191032006554465,173,43.0511264340878,15.17600164756884,67.2450915143252,41.0550245101827,9.01796343266846,9,41.65118027653039,15.522217606987473,57.17339788351779,41.36265680523196,0.0
55,695,25.082892248870056,25.20820734449556,94.87650716404087,3511.322311628707,0.3483454674234828,24.258009754534505,11,2.6576854875000375,119.83861724790796,180.39050716373475,2.5857536875974216,57.894204428327015,108,7.907286126191391,35.23640593962311,105.10202692345638,7.290749584749902,61.95833485764183,394,23.307511878803258,24.05165955341128,102.92702470651088,22.20757765708187,55.56785327429636,168,40.13795174943867,15.929682622919685,66.57232281408234,39.244840450698476,10.504688441724053,14,50.72479201993311,11.165209790275245,61.89000181020856,50.03955293409434,0.0
56,743,25.224781962337495,26.390762707013753,100.94986025079379,3780.4500757602423,0.3750446503730399,24.31278453417207,9,2.724979309735419,51.524598144633885,192.60919900579535,2.6461896431639462,138.35962155142647,127,8.27569841020919,38.02450147107829,127.80269891545052,6.842236665058601,81.50249903416305,386,23.366389369099757,26.914900640075945,110.78738110419205,21.635601765894176,60.50609109501633,201,44.48022459698518,14.215373670684786,67.17316713848574,41.40220935368054,8.4775688708158,20,28.64233694802524,10.136908650557666,38.77924559858293,24.921639195699548,0.0
57,712,25.73086384060473,25.552326128897256,99.24120598247464,3675.979497408384,0.3646805056952761,24.77694847085409,5,2.7642374840761477,116.73157943772271,142.86071141046196,2.7642374840765234,23.364894488662305,103,7.348174785823202,39.113306447480646,141.7038013622114,6.8140943876000435,95.2423201289075,391,21.587668519760953,26.456579456846107,105.35977030262194,20.656522216715864,57.315522326014936,193,41.97021039171795,16.155308321751555,67.49834112820477,41.31302952315343,9.372822414735323,20,44.07720082932892,12.277475975328581,56.35467680465763,43.76997586002034,0.0
58,733,25.900187265652743,26.566334688734425,106.63866271588455,3835.0555361541165,0.38046185874544813,24.232402160312752,5,2.590909570408621,15.18459809996346,79.9636987969352,2.590909570409063,62.18819112656369,123,8.668332505111714,42.35449812793936,119.95299816591347,7.372616457615238,68.93016753286236,419,23.40866539645017,26.083513180400974,119.39051018273068,20.773293945421358,69.89833160587962,168,46.88604459007028,15.46452392936988,71.71343372531135,44.262977687931915,9.362865205871183,18,39.382088256506805,9.57105348694191,52.20121499638289,39.02077759257873,3.248073252933942
59,685,24.31535461026305,24.904431811587212,92.65263857984488,3369.10759650571,0.33423686473270936,23.310350418101237,11,4.285525655134321,66.59997112259556,105.07530814802588,4.246629595946216,34.18981137029649,99,8.391486342223581,37.518390754895876,123.98519500306855,7.152352838192654,78.07531790594898,379,20.90406363906732,24.624351761644732,97.91780407463779,19.513802331327295,52.38938867392571,188,42.437654737309906,14.855615392708165,66.81657344409388,40.17501207715155,9.523303314075827,8,35.089831378731105,10.45156618180743,45.54139756053837,33.020103223166544,0.0
60,723,26.337990839242902,23.068962400009518,102.64658223604091,3842.003172143941,0.38115110834761323,22.059392473678184,11,4.119522664569806,49.297405718957755,100.4099717571166,4.098373756553745,46.99304337358898,113,7.1320780540325,41.57844690705564,137.37525317830773,6.078039203611102,88.66472821721953,415,20.899566643340698,26.598716018844478,112.5168886133484,19.78364417370816,65.01860595116325,169,39.478470890325,15.330185775578565,60.56896749010503,38.70745532985088,5.760310824201531,15,32.16256722264164,11.497524631570665,43.660091854211956,31.01786228703304,0.0
61,644,25.121179049832353,25.456481045901533,96.20960940077923,3280.5010029003765,0.32544652806551355,24.00607648568143,14,2.977372324091578,43.891654881486815,93.1555733476793,2.9449986347858643,46.28654614210103,97,8.198892830996893,39.97551013525908,133.66266097747567,7.758861237595451,85.48825801121966,359,21.956474422253557,25.327857772253694,101.63498492014533,20.393933897360064,54.35065272563812,160,43.70553293057626,15.270633471848502,64.81815609534604,41.764731476439536,5.841989692921269,14,48.695599281098374,10.709240064018124,59.40483934511654,47.30674503303509,0.0
62,714,25.699106301772215,24.004917046958827,99.7885183744953,3682.7873975714438,0.36535589261621465,21.906397260715913,5,4.301783844281817,37.02321974403634,84.03480095940904,4.295053659247547,42.70979737109081,124,7.516971074524727,41.55548008179152,126.49553186442775,6.658268057995968,77.4230807081115,398,23.296535448803557,25.65862541978837,111.31783941173471,20.73610580674958,62.36267854314274,173,37.87419849137862,15.078407438784094,58.92626627990885,35.73001901316089,5.973660349746115,14,25.831427959557914,13.604919044115322,46.04557222206482,25.700266878589655,6.60922521839169
63,724,24.433812176736367,23.189459997000558,104.3301544591617,3552.7201515276465,0.3524523959848856,21.39442676721284,7,3.6045957880277064,24.047717762220856,60.888318305520706,3.584918239735425,33.236004755272205,124,7.128193301102666,36.31212942995541,114.78753884230112,6.350196955875892,71.34721611124313,390,21.659369674794522,25.63895197201125,125.25384904438067,19.503766977044524,77.95552739757494,189,37.442591326193885,15.203116168854065,60.970682407811424,35.68026241879455,8.32497491276346,14,25.445497439640867,10.461551236378929,35.907048676019905,23.357672218271656,0.0
64,723,25.598029163006274,23.872868655328077,101.3295171582606,3738.6091625057657,0.37089376612160374,22.57465746068298,7,3.0319634857553734,111.47178013619586,139.20869602010524,3.031963485755398,24.704952398154063,105,7.568626811606893,34.25473236330777,124.85705107468476,7.022933031348397,83.03369189977008,426,22.082263721472685,26.850038598475543,112.29282947214861,20.692674433609326,63.36052715220045,172,37.17136798885951,14.452861631559351,60.988909269641965,35.9148414814127,9.364679649223177,13,49.51037221169155,15.87054478262004,65.38091699431145,43.877968297028296,0.0
65,670,25.866023517755604,24.356970703039632,94.7474121754992,3493.280370270626,0.34655559228875255,22.896244304447677,7,3.4053814507980342,59.910977291606805,105.25389736953912,3.308441906682543,41.937538627134344,109,8.502579332789354,37.997411654463725,126.9976662429286,7.2737126733754005,80.49767525567555,369,21.29491830732825,27.405463399063855,103.37972165737916,19.820795793254096,54.67933995098709,172,41.26909905529655,14.53816312885736,58.981015185024724,39.75334380239605,3.173753000870673,13,31.726281591676663,11.996999469263965,46.87625785548558,28.695471347105016,3.1529767945446903
66,690,26.746086581539835,24.228718699608095,106.11830180468583,3715.822242479061,0.3686331589760974,22.702326199424792,10,4.781076962535917,143.09586277884267,187.68412763982778,4.731620998745164,39.80718789844855,110,8.334714402658507,40.40247511998375,116.68143525702399,7.704633318989668,67.94424573438172,394,20.963170100563556,25.483174873181284,119.65042350544573,19.17382320227281,73.20407853170097,167,42.137399647186484,14.390467381706074,64.51988349586563,40.48562079549385,7.992016466973004,9,50.75019867884536,15.10998861083408,65.86018728967974,50.46602088709255,0.0
67,728,26.53057007411425,24.992306907737387,107.67691830796288,3882.477439026664,0.3851664126018516,23.68857898347936,6,5.886687659484778,80.93629644534818,131.8165954008758,5.809361364831815,44.99361129604347,111,7.80427301567987,39.87085927733425,111.0502621709591,6.439494338666104,63.37512987794511,412,23.07982772820575,27.753290386232596,128.92545494793157,21.6771069761796,78.09233683349316,183,38.52864046921337,15.459085727007732,61.646186446393976,37.65950126153311,7.6584602501728085,16,45.82342301553922,8.725220520546282,54.54864353608559,42.06179094659325,0.0
68,648,27.27727985891538,26.39710998088041,97.66383609317182,3556.8266837827045,0.352859790057808,24.387726172620663,7,2.563439981103199,93.86947079497433,139.22902329065255,2.435238766467003,42.79611251457501,100,7.701447356089393,42.489738074837184,111.21793521134485,6.743292530171166,61.02674978041829,380,23.19512982131843,27.035415238897468,105.56655390256304,20.79331152751188,55.33600884234709,151,47.29244613607123,15.807184361276862,70.22035928179783,45.39688568745749,7.120728784449763,10,36.19297534860834,10.927461619478162,47.120436968086324,35.548251621520855,0.0
69,705,22.678505180557437,24.45445421442464,101.84361019626904,3219.2381471864146,0.3193688638081761,23.40094073529945,6,3.9291960784075854,91.31894470839427,121.12259565538261,3.9187486380016097,25.874454868580937,123,7.1725534235313875,33.10933705171784,108.96619086342892,6.66051537704487,68.68430038817965,376,20.75485698708718,22.12153069446661,117.04768875028624,19.68727541597341,74.17130106873242,184,43.22253122743998,15.568181842233761,70.09062576590381,42.074561033469415,11.299912696230093,16,36.11368753817669,11.608939161929753,47.7226267001065,31.92328428857558,0.0
70,764,23.838402884490414,24.35071649295299,102.68978031590326,3661.0571087893886,0.36320010999894725,22.410349083846675,8,2.951323691140942,36.18419828248102,77.39161313037539,2.8943692814294546,38.2560911567533,132,9.231113809757131,34.81363767254707,120.89447191650348,7.706545907643197,76.84972043419917,426,22.264215166964007,25.35031453747861,117.97973140962873,20.267315086914515,70.36520170518611,186,40.89149391438332,12.990212820966455,60.401691703122474,38.5880333534523,6.519984967772688,12,22.621354916420994,9.35437225408018,31.975727170501006,22.486437935901026,0.0
71,716,24.885114819085942,24.20882434062205,96.93570717432402,3586.3629832401043,0.3557899784960421,22.78164077121563,6,4.356305228583248,97.35736398504447,166.96913609012427,4.35630522858331,65.25546687649651,101,7.354068425696175,40.76960663903446,137.4466505599125,6.644912140644657,89.32297549518194,421,21.65117029669135,24.981406349382922,102.21061073306986,20.175620455743804,55.5780340869956,175,40.52935903803694,14.0298798426571,62.80609728965162,39.32638775941395,8.246858408957486,13,27.449150688850402,11.035900804429534,38.48505149327964,18.332828065246034,0.0
72,670,27.23750274112072,24.47641020284424,95.95806501862003,3660.7756774617737,0.36317219022438235,23.525098240390115,6,2.6038429184294123,120.58706164360547,163.2555142131505,2.6038429184292355,40.064609651116236,101,8.547027562284063,44.98852894225095,115.6219040731708,7.7426120667157905,62.08634756863581,387,21.19410001029796,27.025380244389375,103.63599188035035,20.11688264509517,55.41651162566308,163,42.9105039199841,14.372652782611896,67.5373889598059,42.10078521178738,10.254232257209745,13,24.907165512435032,13.861421952113762,39.91037751248656,24.348259356871612,1.1417900479375622
73,807,24.592454450884706,24.152265994342446,106.08012012774249,3982.5014050036407,0.39508942509956757,22.413399874386748,8,4.182505775890377,84.31022534333817,146.30159850240034,4.103784760261408,57.808867383171616,123,7.661622285485013,34.44995395200387,125.4711616056315,6.977156538304626,83.35958536814263,441,21.973200007818946,26.073013569486825,124.97155505297607,20.018984029541095,76.9253414756703,222,37.73081174280912,14.75485737323498,59.82752503348715,35.73026554318924,7.341855917442979,13,34.509050750830426,12.346714001455764,46.85576475228607,33.546327593916246,0.0
74,788,24.757134698519394,26.099622498778896,91.36083077233793,3930.5577455114094,0.3899362842769255,24.20008200182828,9,4.2718211660376255,77.87813891880484,103.88582505408198,4.258976988184433,21.735864969239614,113,9.528720538994673,32.312532770262216,103.7348588516297,8.661719140331918,61.89360554237275,443,22.93400563805738,26.155848014671736,102.26945141625322,21.06260556649715,53.179597763524114,209,42.85935180115622,16.339993269340088,64.7928759646532,40.199861411689675,5.5935308941568795,14,23.85297810971185,11.021673238053527,34.87465134776513,22.8610186205812,0.0
75,693,28.324787471940322,22.722439330871325,98.11353101138026,3951.0282605798466,0.39196708934323876,20.660369203296302,8,3.6933569133939272,87.14962254700828,107.36765413536705,3.667968980439949,16.524674674965045,123,8.736657449706977,47.83614934867865,129.15808576572465,7.651540110539446,72.58527896733888,385,20.18681132352061,27.581236596114653,106.24873401987828,17.831691892619542,58.480686100243084,165,38.57925497632781,13.78128705530223,58.67386298655167,36.23981291534456,6.313320954921637,12,42.08294200193283,12.945492846841352,55.02843484877409,41.86518022950757,0.0
76,684,23.99913957986097,26.694928968392144,97.38059135664697,3325.3021815365414,0.32989108943814893,25.420231989811885,9,2.8238559337547082,46.53723664723346,106.3746017816886,2.8238559337546594,57.01350920070099,91,7.787179346655798,37.0328671997817,119.2402422342973,6.883022099827479,74.42019568785975,363,24.245237938563967,25.89591788661341,114.27693360654175,23.147896110072075,64.13577778136434,202,39.63896150907975,14.699894734372947,60.96995903660995,37.74984025111155,6.631102793157197,19,37.74693652094347,13.525710443982348,52.71749494844277,37.237628834870605,1.4448479835169565
77,563,26.384565717453988,22.938745148814245,107.15445142648655,2978.7383392799584,0.29550975588094824,21.722190607665976,4,1.31195663917606,83.83145790562583,123.28229588707882,1.2640610898889117,38.13888134227763,101,8.679810154030143,44.92938147634716,136.1072235814919,8.008528731665505,82.49803195111456,303,20.168225769803794,25.533479770385178,120.24620922561387,19.117053326283692,74.54450368542494,140,39.28476676953692,14.938982843991068,64.80950665098223,37.18494771525809,10.585757037454236,15,28.117674045530173,10.214344640504667,38.671004088961126,27.821055190538747,0.3389854029264434
78,630,27.976033755972793,23.75434945765494,106.92361454923396,3556.050008311159,0.3527827389197578,22.476487093854033,6,2.0131921590409547,161.70025245457668,237.63456178842534,1.9491938004420717,73.92111717480763,122,9.198691924688424,38.15482301454948,131.74118959180112,7.980335424501819,84.38767465256323,352,22.168670962223665,27.415690324268198,116.27960329541634,21.060545999385972,66.69524200892452,130,40.870052581798966,16.721042296878085,60.5890999568518,39.020695081153825,2.9980050781747636,20,35.72207881098912,8.78764255119024,52.83206553549117,34.44441161011534,8.322344173311683
79,672,27.061827484343535,25.326554405236134,106.48548145982451,3695.567787807018,0.3666237884729184,23.571758424992087,11,4.46888262234775,79.58616777975851,141.175063334056,4.434538806226741,57.12001293194987,100,7.320287378078174,41.63979791094932,131.95590646251765,6.798188740118274,82.99582117349006,363,22.31899733600215,28.157146493543006,121.91972654555217,20.574711671660427,71.44358271600693,186,41.70818737565095,14.91316056642107,64.6392410909619,39.129680571767864,8.017893148889845,12,31.561602402098895,12.602365858012556,44.16396826011138,30.40682812940018,0.0
80,697,25.433083869675656,24.49048121284366,102.66495768958733,3567.9755361186226,0.35396582699589507,23.506608502055435,9,4.2538249085351305,85.78980769510486,137.2893987483116,4.253824908535421,47.24576614467112,95,6.702591922108829,40.72343731976955,102.74967769692744,6.12779649748593,55.323648455048925,414,21.971559526322388,25.37325126686587,118.90150112350311,20.898443369706452,71.55669033031482,167,41.79623099055021,14.519997326669081,65.02657233809184,40.70620443760246,8.710344020872522,12,26.55321077129368,13.054922041139292,39.66604117565263,26.149111529714684,0.057908363219811264
81,599,27.8177459402736,24.908279297072973,98.5740415018834,3387.203190098753,0.33603206250979695,23.77343280444864,7,2.8273138316391333,71.25331967023574,141.44621150986495,2.7897130444354823,67.36557800798992,99,10.39027447621212,46.523034315820475,118.91573852098328,8.339625490161616,62.00242972895054,337,22.383971866672198,27.843327240063196,107.3340408511034,21.341304866741975,57.106741744367895,145,41.288988022135804,14.321069755337547,66.06575392246357,40.49624610817615,10.455696144990076,11,31.02992242745594,8.95634444006984,48.36028908206324,30.105446295463466,8.374022214537334
82,708,24.409992080936902,23.894577284388706,96.68736826436698,3464.374735558575,0.3436879697974776,23.12976697676976,3,5.302104845599994,139.2146737325779,177.40177921081218,5.281026215049018,32.885000632634636,97,9.252232463363848,34.16937218672443,122.52922144755505,8.671061685099335,79.1076167974668,401,19.45709764791806,26.54811023464156,108.23245219612349,18.69135097445801,62.22724431356392,191,39.771684758968334,14.304239931521277,62.08536353619635,38.93551144932989,8.009438845706736,16,37.83124425537608,10.768702436343546,48.59994669171988,36.68903311709608,0.0
83,635,25.209618331365196,25.086054777848727,102.73621514392042,3209.483809268997,0.318401171554464,23.344534538207007,5,2.5395691542278653,54.974666373151386,94.26500274969658,2.4781837245400418,36.75076722231748,89,8.06323960683624,36.724690410456994,133.20635125991762,7.31045082668247,88.41842124262448,374,21.25180233015561,27.083578862205034,113.73129736842594,19.211920328912054,65.39591617606534,156,44.570194483008216,14.356531884958127,63.98235595440891,42.87353912497219,5.05562958644248,11,27.10856384789986,8.714490318392894,35.823054166292756,26.11164391411288,0.0
84,691,27.358352024136227,24.297810691382136,105.76514219071734,3799.9765772576843,0.3769818032993735,22.680236594937778,6,3.1555698223877093,76.4051338823371,123.68273171796712,3.135082199399193,44.122028013243046,118,7.496135328101877,46.1001036312333,145.23418422479108,6.64371760960418,91.63794526545597,401,21.119141750150288,26.59097199540433,111.15911576747422,19.356290906996584,63.44900202191956,154,45.41579351670951,14.438913244434183,65.48603452291792,43.8817061890113,5.63132776177423,12,35.29181305926477,9.983817258214948,45.360698805500306,29.13490909657884,0.08506848802052547
85,667,25.74236335712371,24.30101343032175,104.97582429145899,3451.8872571436855,0.3424491326531435,23.36525586032531,8,1.8897577943173474,98.75853440266047,128.71142325778828,1.8178815479255541,28.06313106081013,106,7.203702794667752,36.8507501957668,117.53522220499063,6.6941693450883415,73.48076921455598,377,21.482486801211053,26.069055481137067,119.22127141694871,20.468727622278475,71.6697291346007,166,42.56365221830487,15.275073566563753,67.51937648488774,41.44752834390744,9.680650700019033,10,26.560160714010998,11.021243479069458,37.58140419308038,26.350063718659072,0.0
86,786,25.783777922840677,25.56300323861017,99.49082761565062,4067.648987538139,0.40353660590656143,22.830538352061406,6,3.6390509732279193,61.70997310797066,124.70865488429838,3.6375833104622424,59.35963080309995,131,7.750287354684053,42.229959860991094,141.89079670540045,6.592779287869298,91.9105494897253,444,23.360998880853145,25.21341688995571,102.24848773263433,20.271823569816313,53.67407196182554,189,42.207337189482075,15.560137925952708,65.90741954491116,39.33216111830352,8.139944429476381,16,44.12052277085684,14.252606235607308,63.06333505689281,39.053465111800364,4.690206050429009
87,684,24.42005747570433,24.783638610926154,97.88857504510213,3375.3063406979536,0.33485181951368587,23.854947384202386,8,3.2221442451673283,56.12494360148444,100.44605856378962,3.1916441954791614,41.09897071713805,109,9.439179983082996,36.56160894202204,118.67406014137077,7.532909858826205,72.67327121626582,385,20.494519902293483,25.268783120552747,107.71759000920011,19.783568992654846,61.9542869863539,166,44.275240600434906,14.471451573484785,65.96282705065641,43.40343540898185,7.2161348767367475,16,41.08005848130733,8.64762045488766,49.72767893619505,40.53245890971494,0.0
88,720,25.552491277595255,25.26090015344195,104.46497862365428,3703.915316351765,0.36745191630473856,23.747803263821943,10,4.049122620653179,116.51101927075945,190.47647573586892,4.049122620653459,69.91633384445619,123,7.864430296383707,40.38943178049553,147.531838747624,7.180968543498273,99.27797667074474,388,22.652547846655697,24.568189744602538,110.79635188259272,20.782686643522513,63.57561429133446,184,42.72225844178915,13.88259067287198,62.2333179936456,41.22457578231491,5.628468878984585,15,35.32985600165763,11.861940896387477,48.245909629191736,35.04424208415336,1.054112731146676
89,708,23.791625284564496,23.021515925478173,98.55589002480352,3387.332106135029,0.33604485179911,22.363612301520902,8,3.170784251904024,75.04245035189727,137.80748701432753,3.1688893888867935,59.594252410525726,111,9.03860026779743,39.44740185689803,138.1362390827115,8.502621521503547,89.65023695801591,391,19.68705997557635,23.386934850521655,106.79849962940203,19.050058631675775,63.72450480330404,186,39.726412585453204,13.94820832386812,60.60824704445476,38.9203946377449,6.933626135133473,12,15.31909834609587,10.56760147894697,25.886699825042495,14.710756489419223,0.0
90,694,25.453686145618228,23.481181055649916,92.79998165398992,3549.3260228110876,0.3521156768661794,21.815549630629818,4,8.169123446541562,49.106222267203634,107.3743948506276,8.148440987079717,50.099049136883195,132,7.345518333705279,39.898391853830155,108.04438374793772,6.8597636442167085,60.80047356040248,365,22.055423168217555,25.970201255350673,104.41699140435462,20.271999730021356,56.3913669807864,176,37.25070680759616,14.234776569293125,60.59791645265366,35.1757540591735,9.112433075764415,17,40.429463779379255,12.788319816827618,54.964463263660626,35.98213310587297,1.7466796674537668
91,782,25.064453085207997,26.15831876414617,106.22696348830576,3951.698182901849,0.39203354989105643,23.84957166610104,11,3.4917070794822807,71.71620874811316,154.52069055482818,3.4736856886814667,79.3127747272323,121,8.627210206190961,42.07989285917871,110.4350296432246,7.017379448141127,59.727926577854994,449,22.793481504442195,23.755186317808445,120.76916377803869,20.229995875941917,74.2204959557881,190,45.83835399921417,15.47780764790194,69.57127221515796,44.27314518503016,8.25511056804186,11,39.08578230851427,10.272260967765824,51.20209160931154,24.353259421525944,1.8440483330315631
92,708,24.494948706638247,23.695220927215665,97.28715320471908,3528.520857952763,0.3500516724159487,22.33578393356449,10,3.58332456850203,69.8702072401484,145.47475338945733,3.583324568502647,72.02122158080697,117,9.082448616024218,36.91549155596587,113.23923131666196,7.112755011861367,67.2412911446719,380,20.574548318469226,24.747296443294935,111.23415902417554,19.315597242356077,65.91231426241136,188,39.69490825571456,14.675865283789905,60.36301645823602,38.4300865767354,5.992242918731553,13,30.520428432014832,12.42875215737001,42.949180589384646,29.30201648994527,0.0
93,662,25.246901039183687,25.39974010803856,102.55410410969803,3361.9029705538296,0.333522120094626,23.020400239451785,8,3.7947784039695307,104.00324535417282,135.37107670591263,3.684144797970981,27.573052947769533,98,7.645891054911679,38.719757675029854,128.6346575851199,7.073412814126637,82.26900885517827,376,23.316852406819258,24.757844681612664,114.27758949085569,21.113232649826905,66.20289240242377,162,40.702844072962954,15.729923469883973,63.763049311106116,37.3346169306309,7.330281768259131,18,37.44306422913269,12.760503919207178,50.203568148339805,29.447440291765766,0.0
94,695,26.681235118292257,25.463156409873005,99.90733723617544,3733.647746325423,0.37040156213545866,23.30385822701729,8,2.4885853368114113,133.1718633506485,191.7726794481614,2.432831823840122,56.112230760701564,115,7.317317798462366,37.15828200802031,124.34618963556106,6.499218310316082,79.87058982907833,388,23.052291638789562,26.63480899854682,108.1839497759253,20.88216758641096,58.49684913858886,171,44.90790825485991,15.761726916244632,65.72492245101654,41.64491798388278,5.055287279912061,13,16.304000608667522,13.486144259353589,29.790144868021272,15.82666990219506,0.0
95,688,24.765615783254088,24.90658885259719,101.28385343516226,3486.7197996703117,0.3459047420307849,22.812727459253612,11,2.0017268692235204,39.629741222042675,96.4747429418423,1.9988202421372512,54.84327485057592,102,11.287849944497044,41.570112285271776,125.71281564983695,7.8110097563076915,72.85485342006812,387,22.902768330438064,25.13945103124366,115.35338458915699,21.217364457704733,67.31116522747527,172,37.40059924224826,14.421391143815374,60.10642270402734,34.9022467849795,8.284432317963663,16,41.629939196279565,9.576139156942444,51.206078353221756,41.383748875711454,0.0
96,808,25.409223587394724,24.64440572645658,95.4918176822427,4163.5648144002935,0.4130520649206641,22.822744698929185,7,1.1936887568177295,66.12224181461448,133.07572253512157,1.1936887568173489,65.75979196368976,109,7.355345250265867,36.66301440140122,110.56920206293476,6.547056699773808,66.55084241126775,482,21.6424794001711,26.778754297711572,106.88384516412961,19.848346030781236,58.46261146624688,190,41.256308745637206,15.422122562971321,60.56390596905578,38.7251288013387,3.8854746604473225,20,41.61088204233365,11.698276884918778,57.433005070763826,39.7057728035404,4.123846143511608
97,601,26.4766416205052,24.529277674718436,111.43494227705186,3211.3425484280783,0.3185855702805632,22.98248799294077,6,4.382501838879459,56.04748370714941,172.66741184644948,4.382501838879455,112.23742630042123,103,7.516677398824753,44.40876058109436,147.1074961907112,6.919282378228168,95.18205821079201,337,20.85568912037278,26.412237667729237,119.44780824109833,19.502239336997405,72.17988145299636,147,44.36019215007647,13.806645040943335,68.48007670737968,42.084045804737904,10.313239516359873,8,49.033452470835755,8.946682098073286,57.98013456890908,39.36059973775314,0.0
98,699,23.243214447326658,25.238702416577414,103.36986795990495,3254.7589103392556,0.3228927490415928,23.81575055290502,3,3.264205977324309,94.84362344076287,222.3269240614542,3.2642059773245027,124.21909464336674,115,7.781785406961322,36.18237892817056,124.39410201300159,7.310701281964947,80.42993767786966,385,23.23551059122538,23.626288944578242,117.39123217606875,21.896191997770288,70.52943264026511,179,39.94838153152971,13.81837127558364,62.65360271056264,37.597945244609654,8.886849903449276,17,37.68959868761757,13.640749978078555,51.330348665696235,37.448250187998816,0.0
99,700,23.93612923015171,23.71350941719744,98.19859377069997,3366.9722116946614,0.3340250210014545,22.59864422389658,5,4.288465713984624,32.34341177641676,107.63320561057917,4.274101158962842,71.0013281201778,113,7.666102255248095,34.55439360999955,120.87236865956979,6.884048755432545,78.65187279432219,387,20.889582514432607,25.471497703712487,109.9453837874868,19.799813490340707,63.58430356934181,182,38.96147873577914,14.960832681874738,62.35349184980257,37.498441820245155,8.431180432148695,13,41.2682419713867,8.352751142786751,49.62099311417324,40.96451611711109,0.0
